p,g,s,p_fail_sim,p_fail_theory
0.1,32,1,0.973,0.9656631617970749
0.2,32,1,0.998,0.9992077183748573
0.3,32,1,1.0,0.9999889557232575
